{
  "project_info": {
    "project_number": "56317414725",
    "firebase_url": "https://officeassistant-4092e.firebaseio.com",
    "project_id": "officeassistant-4092e",
    "storage_bucket": "officeassistant-4092e.appspot.com"
  },
  "client": [
    {
      "client_info": {
        "mobilesdk_app_id": "1:56317414725:android:c893fdb7f6e4e9e623422c",
        "android_client_info": {
          "package_name": "com.example.officeassistant"
        }
      },
      "oauth_client": [
        {
          "client_id": "56317414725-rjimdofi76l49e0eml7k08u9dl1gn7cb.apps.googleusercontent.com",
          "client_type": 3
        }
      ],
      "api_key": [
        {
          "current_key": "AIzaSyCnzO74VuNmRuZireHSmTt2k1l5cwNiND0"
        }
      ],
      "services": {
        "appinvite_service": {
          "other_platform_oauth_client": [
            {
              "client_id": "56317414725-rjimdofi76l49e0eml7k08u9dl1gn7cb.apps.googleusercontent.com",
              "client_type": 3
            }
          ]
        }
      }
    }
  ],
  "configuration_version": "1"
}